Designator,Footprint,Quantity,Value,LCSC Part #
"C1, C10, C11, C8",CP_Elec_6.3x7.7,4,100uF 35V,
C12,CP_Elec_5x5.8,1,10uF 35V,
"C14, C17, C6",1206,3,100n,
"C15, C20, C25",0805,3,47nF,
"C16, C4",C_Rect_L4.6mm_W4.6mm_P2.50mm_MKS02_FKP02,2,1uF,
C18,0603,1,6pF,
"C19, C5",0805,2,39pF,
C2,C_Rect_L4.6mm_W4.6mm_P2.50mm_MKS02_FKP02,1,1uF 50V,
C22,CP_Elec_6.3x5.8,1,22uF 16V,
C23,0805,1,100n,
C3,C_Disc_D3.8mm_W2.6mm_P2.50mm,1,22nF,
C7,1206,1,15nF,
C9,CP_Elec_4x5.8,1,"4,7uF 16V",
D1,D_DO-41_SOD81_P10.16mm_Horizontal,1,1N4001,
D2,D_DO-35_SOD27_P7.62mm_Horizontal,1,1N4148,
J1,PinSocket_1x03_P2.54mm_Vertical,1,XLR,
J2,PinSocket_1x02_P2.54mm_Vertical,1,CALL,
J3,PinSocket_1x02_P2.54mm_Vertical,1,LAMP,
J4,PinSocket_1x02_P2.54mm_Vertical,1,Mic Input,
J5,PinSocket_1x02_P2.54mm_Vertical,1,Mute SW,
J6,PinSocket_1x03_P2.54mm_Vertical,1,SIDETONE 20k,
J7,PinSocket_1x03_P2.54mm_Vertical,1,VOLUME 20k,
J8,PinSocket_1x02_P2.54mm_Vertical,1,EAR,
JP1,PinHeader_1x02_P2.54mm_Vertical,1,Phantom_PWR,
Q1,TO-92,1,BC516,
"Q2, Q3",TO-92,2,MPSA13,
"Q4, Q5",TO-92,2,BC548,
R1,R_Axial_DIN0207_L6.3mm_D2.5mm_P10.16mm_Horizontal,1,1k,
"R10, R11",0805,2,180k,
R12,0805,1,510,
"R13, R15, R7, R8",0805,4,47k,
"R14, R31",0805,2,1k5,
"R17, R18",0805,2,220k,
R19,0805,1,2k67,
R2,0805,1,18k,
R20,0805,1,20k,
"R21, R30",0805,2,15k,
R22,0805,1,370k,
R23,0805,1,6k2,
R24,0805,1,39k,
R25,0805,1,68k,
R26,0805,1,33,
R27,R_Axial_DIN0207_L6.3mm_D2.5mm_P10.16mm_Horizontal,1,33,
"R28, R33",R_Axial_DIN0207_L6.3mm_D2.5mm_P10.16mm_Horizontal,2,"2,7k",
R29,R_Axial_DIN0207_L6.3mm_D2.5mm_P10.16mm_Horizontal,1,5k,
"R3, R5, R9",0805,3,100k,
R32,R_Axial_DIN0207_L6.3mm_D2.5mm_P10.16mm_Horizontal,1,10k,
R4,0805,1,470k,
R6,R_Axial_DIN0207_L6.3mm_D2.5mm_P10.16mm_Horizontal,1,22,
U1,DIP-8_W7.62mm_LongPads,1,NE5534,
U2,DIP-8_W7.62mm_LongPads,1,LF353,
U3,DIP-8_W7.62mm_LongPads,1,NE5532,
